175223,name,image,thumbnail
40834,Dominion: Intrigue,//cf.geekdo-images.com/images/pic460011.jpg,//cf.geekdo-images.com/images/pic460011_t.jpg
178900,Codenames,//cf.geekdo-images.com/images/pic2582929.jpg,//cf.geekdo-images.com/images/pic2582929_t.jpg
104162,Descent: Journeys in the Dark (Second Edition),//cf.geekdo-images.com/images/pic1180640.jpg,//cf.geekdo-images.com/images/pic1180640_t.jpg
36218,Dominion,//cf.geekdo-images.com/images/pic394356.jpg,//cf.geekdo-images.com/images/pic394356_t.jpg
171915,Dominion: Adventures,//cf.geekdo-images.com/images/pic2374911.jpg,//cf.geekdo-images.com/images/pic2374911_t.jpg
66098,Dominion: Alchemy,//cf.geekdo-images.com/images/pic698779.jpg,//cf.geekdo-images.com/images/pic698779_t.jpg
90850,Dominion: Cornucopia,//cf.geekdo-images.com/images/pic950200.jpg,//cf.geekdo-images.com/images/pic950200_t.jpg
125403,Dominion: Dark Ages,//cf.geekdo-images.com/images/pic1321190.jpg,//cf.geekdo-images.com/images/pic1321190_t.jpg
192951,Dominion: Empires,//cf.geekdo-images.com/images/pic2868179.jpg,//cf.geekdo-images.com/images/pic2868179_t.jpg
137166,Dominion: Guilds,//cf.geekdo-images.com/images/pic1646917.jpg,//cf.geekdo-images.com/images/pic1646917_t.jpg
104557,Dominion: Hinterlands,//cf.geekdo-images.com/images/pic1077695.jpg,//cf.geekdo-images.com/images/pic1077695_t.jpg
66690,Dominion: Prosperity,//cf.geekdo-images.com/images/pic1747320.jpg,//cf.geekdo-images.com/images/pic1747320_t.jpg
150999,Valley of the Kings,//cf.geekdo-images.com/images/pic1848490.jpg,//cf.geekdo-images.com/images/pic1848490_t.jpg
51811,Dominion: Seaside,//cf.geekdo-images.com/images/pic543471.jpg,//cf.geekdo-images.com/images/pic543471_t.jpg
79828,A Few Acres of Snow,//cf.geekdo-images.com/images/pic905905.jpg,//cf.geekdo-images.com/images/pic905905_t.jpg
54043,Jaipur,//cf.geekdo-images.com/images/pic725500.jpg,//cf.geekdo-images.com/images/pic725500_t.jpg
30549,Pandemic,//cf.geekdo-images.com/images/pic1534148.jpg,//cf.geekdo-images.com/images/pic1534148_t.jpg
161936,Pandemic Legacy: Season 1,//cf.geekdo-images.com/images/pic2452831.png,//cf.geekdo-images.com/images/pic2452831_t.png
2651,Power Grid,//cf.geekdo-images.com/images/pic173153.jpg,//cf.geekdo-images.com/images/pic173153_t.jpg
44163,Power Grid: Factory Manager,//cf.geekdo-images.com/images/pic577313.jpg,//cf.geekdo-images.com/images/pic577313_t.jpg
3076,Puerto Rico,//cf.geekdo-images.com/images/pic158548.jpg,//cf.geekdo-images.com/images/pic158548_t.jpg
28143,Race for the Galaxy,//cf.geekdo-images.com/images/pic236327.jpg,//cf.geekdo-images.com/images/pic236327_t.jpg
148228,Splendor,//cf.geekdo-images.com/images/pic1904079.jpg,//cf.geekdo-images.com/images/pic1904079_t.jpg
124742,Android: Netrunner,//cf.geekdo-images.com/images/pic1324609.jpg,//cf.geekdo-images.com/images/pic1324609_t.jpg
715,Escape from Colditz,//cf.geekdo-images.com/images/pic3117438.jpg,//cf.geekdo-images.com/images/pic3117438_t.jpg
33160,Endeavor,//cf.geekdo-images.com/images/pic379881.jpg,//cf.geekdo-images.com/images/pic379881_t.jpg
145928,Empire Engine,//cf.geekdo-images.com/images/pic2197596.jpg,//cf.geekdo-images.com/images/pic2197596_t.jpg
68425,Eminent Domain,//cf.geekdo-images.com/images/pic1160506.jpg,//cf.geekdo-images.com/images/pic1160506_t.jpg
146021,Eldritch Horror,//cf.geekdo-images.com/images/pic1872452.jpg,//cf.geekdo-images.com/images/pic1872452_t.jpg
10,Elfenland,//cf.geekdo-images.com/images/pic1798136.jpg,//cf.geekdo-images.com/images/pic1798136_t.jpg
137405,Escape: Quest,//cf.geekdo-images.com/images/pic1727702.jpg,//cf.geekdo-images.com/images/pic1727702_t.jpg
137479,Elder Sign: Unseen Forces,//cf.geekdo-images.com/images/pic1639617.jpg,//cf.geekdo-images.com/images/pic1639617_t.jpg
100423,Elder Sign,//cf.geekdo-images.com/images/pic1236119.jpg,//cf.geekdo-images.com/images/pic1236119_t.jpg
25313,An Evening With Bram Stoker's Dracula,//cf.geekdo-images.com/images/pic163304.jpg,//cf.geekdo-images.com/images/pic163304_t.jpg
154904,Easy Breezy Travel Agency,//cf.geekdo-images.com/images/pic1951597.jpg,//cf.geekdo-images.com/images/pic1951597_t.jpg
185497,Dwarves in Trouble,//cf.geekdo-images.com/images/pic3080665.jpg,//cf.geekdo-images.com/images/pic3080665_t.jpg
66356,Dungeons & Dragons: Wrath of Ashardalon Board Game,//cf.geekdo-images.com/images/pic968280.jpg,//cf.geekdo-images.com/images/pic968280_t.jpg
139583,Dungeon Roll: Hero Booster Pack #1,//cf.geekdo-images.com/images/pic1750877.jpg,//cf.geekdo-images.com/images/pic1750877_t.jpg
139582,Dungeon Roll Hero: Guild Leader,//cf.geekdo-images.com/images/pic1738140.jpg,//cf.geekdo-images.com/images/pic1738140_t.jpg
128236,Escape: Illusions,//cf.geekdo-images.com/images/pic1374177.jpg,//cf.geekdo-images.com/images/pic1374177_t.jpg
27588,Zooloretto,//cf.geekdo-images.com/images/pic187388.jpg,//cf.geekdo-images.com/images/pic187388_t.jpg
113294,Escape: The Curse of the Temple,//cf.geekdo-images.com/images/pic1724684.jpg,//cf.geekdo-images.com/images/pic1724684_t.jpg
122115,Escape: The Curse of the Temple – The Pit,//cf.geekdo-images.com/images/pic1259769.jpg,//cf.geekdo-images.com/images/pic1259769_t.jpg
68227,Fabula,//cf.geekdo-images.com/images/pic777451.jpg,//cf.geekdo-images.com/images/pic777451_t.jpg
172242,Exploding Kittens: NSFW Deck,//cf.geekdo-images.com/images/pic2815278.jpg,//cf.geekdo-images.com/images/pic2815278_t.jpg
172225,Exploding Kittens,//cf.geekdo-images.com/images/pic2691976.png,//cf.geekdo-images.com/images/pic2691976_t.png
71074,Expedition: Northwest Passage,//cf.geekdo-images.com/images/pic1681453.jpg,//cf.geekdo-images.com/images/pic1681453_t.jpg
76546,Expedition: Congo River 1884,//cf.geekdo-images.com/images/pic1299178.jpg,//cf.geekdo-images.com/images/pic1299178_t.jpg
155703,Evolution,//cf.geekdo-images.com/images/pic2558560.jpg,//cf.geekdo-images.com/images/pic2558560_t.jpg
167911,Escape: The Curse of the Temple – The Maze,//cf.geekdo-images.com/images/pic2297020.png,//cf.geekdo-images.com/images/pic2297020_t.png
157820,Escape: The Curse of the Temple – Big Box,//cf.geekdo-images.com/images/pic1987738.jpg,//cf.geekdo-images.com/images/pic1987738_t.jpg
158932,Escape: The Curse of the Temple – The Maya Calendar,//cf.geekdo-images.com/images/pic2297034.png,//cf.geekdo-images.com/images/pic2297034_t.png
167909,Escape: The Curse of the Temple – Quest Chambers,//cf.geekdo-images.com/images/pic2297030.png,//cf.geekdo-images.com/images/pic2297030_t.png
167910,Escape: The Curse of the Temple – New Characters,//cf.geekdo-images.com/images/pic2297021.png,//cf.geekdo-images.com/images/pic2297021_t.png
36235,The Duke,//cf.geekdo-images.com/images/pic1688903.jpg,//cf.geekdo-images.com/images/pic1688903_t.jpg
149503,Escape: The Curse of the Temple – Fountain,//cf.geekdo-images.com/images/pic1805747.jpg,//cf.geekdo-images.com/images/pic1805747_t.jpg
132128,Escape: The Curse of the Temple – Doomed,//cf.geekdo-images.com/images/pic1483756.jpg,//cf.geekdo-images.com/images/pic1483756_t.jpg
138788,Dungeon Roll,//cf.geekdo-images.com/images/pic1585905.png,//cf.geekdo-images.com/images/pic1585905_t.png
62219,Dominant Species,//cf.geekdo-images.com/images/pic784193.jpg,//cf.geekdo-images.com/images/pic784193_t.jpg
86246,Drum Roll,//cf.geekdo-images.com/images/pic979376.jpg,//cf.geekdo-images.com/images/pic979376_t.jpg
15512,Diamant,//cf.geekdo-images.com/images/pic3103688.jpg,//cf.geekdo-images.com/images/pic3103688_t.jpg
54998,Cyclades,//cf.geekdo-images.com/images/pic584779.jpg,//cf.geekdo-images.com/images/pic584779_t.jpg
163354,Cypher,//cf.geekdo-images.com/images/pic2117800.jpg,//cf.geekdo-images.com/images/pic2117800_t.jpg
2083,Checkers,//cf.geekdo-images.com/images/pic113720.jpg,//cf.geekdo-images.com/images/pic113720_t.jpg
44,David & Goliath,//cf.geekdo-images.com/images/pic359902.jpg,//cf.geekdo-images.com/images/pic359902_t.jpg
192802,Days of Ire: Budapest 1956,//cf.geekdo-images.com/images/pic2991622.jpg,//cf.geekdo-images.com/images/pic2991622_t.jpg
38364,Days of Steam,//cf.geekdo-images.com/images/pic554441.jpg,//cf.geekdo-images.com/images/pic554441_t.jpg
25821,The Werewolves of Miller's Hollow,//cf.geekdo-images.com/images/pic510856.jpg,//cf.geekdo-images.com/images/pic510856_t.jpg
325,Catan: Seafarers,//cf.geekdo-images.com/images/pic2420293.jpg,//cf.geekdo-images.com/images/pic2420293_t.jpg
209541,Dead Cat: A Quantum Physics Card Game,//cf.geekdo-images.com/images/pic3193791.png,//cf.geekdo-images.com/images/pic3193791_t.png
149155,Dead Man's Draw,//cf.geekdo-images.com/images/pic2923119.jpg,//cf.geekdo-images.com/images/pic2923119_t.jpg
150376,Dead of Winter: A Crossroads Game,//cf.geekdo-images.com/images/pic3016500.jpg,//cf.geekdo-images.com/images/pic3016500_t.jpg
194081,Deathwatch: Overkill,//cf.geekdo-images.com/images/pic2907096.jpg,//cf.geekdo-images.com/images/pic2907096_t.jpg
156129,Deception: Murder in Hong Kong,//cf.geekdo-images.com/images/pic2568916.jpg,//cf.geekdo-images.com/images/pic2568916_t.jpg
169654,Deep Sea Adventure,//cf.geekdo-images.com/images/pic3169827.png,//cf.geekdo-images.com/images/pic3169827_t.png
40793,Dice Town,//cf.geekdo-images.com/images/pic445468.jpg,//cf.geekdo-images.com/images/pic445468_t.jpg
108722,Dreadfleet,//cf.geekdo-images.com/images/pic1209348.jpg,//cf.geekdo-images.com/images/pic1209348_t.jpg
154902,Diner,//cf.geekdo-images.com/images/pic1928380.jpg,//cf.geekdo-images.com/images/pic1928380_t.jpg
483,Diplomacy,//cf.geekdo-images.com/images/pic288149.jpg,//cf.geekdo-images.com/images/pic288149_t.jpg
171669,Discoveries,//cf.geekdo-images.com/images/pic2571301.jpg,//cf.geekdo-images.com/images/pic2571301_t.jpg
91312,Discworld: Ankh-Morpork,//cf.geekdo-images.com/images/pic1062739.jpg,//cf.geekdo-images.com/images/pic1062739_t.jpg
118418,Divinare,//cf.geekdo-images.com/images/pic1310445.jpg,//cf.geekdo-images.com/images/pic1310445_t.jpg
39856,Dixit,//cf.geekdo-images.com/images/pic455883.jpg,//cf.geekdo-images.com/images/pic455883_t.jpg
119657,Dixit 3: Journey,//cf.geekdo-images.com/images/pic3127290.jpg,//cf.geekdo-images.com/images/pic3127290_t.jpg
92828,Dixit Odyssey,//cf.geekdo-images.com/images/pic918568.jpg,//cf.geekdo-images.com/images/pic918568_t.jpg
55660,Dixit Quest,//cf.geekdo-images.com/images/pic1632141.jpg,//cf.geekdo-images.com/images/pic1632141_t.jpg
145325,Dixit: Origins,//cf.geekdo-images.com/images/pic1833862.jpg,//cf.geekdo-images.com/images/pic1833862_t.jpg
170,Family Business,//cf.geekdo-images.com/images/pic399009.jpg,//cf.geekdo-images.com/images/pic399009_t.jpg
96260,Dominant Species: The Card Game,//cf.geekdo-images.com/images/pic1358647.jpg,//cf.geekdo-images.com/images/pic1358647_t.jpg
108783,Dr. Shark,//cf.geekdo-images.com/images/pic1134465.jpg,//cf.geekdo-images.com/images/pic1134465_t.jpg
161138,Dragon Run,//cf.geekdo-images.com/images/pic2062234.jpg,//cf.geekdo-images.com/images/pic2062234_t.jpg
135779,A Fake Artist Goes to New York,//cf.geekdo-images.com/images/pic3169825.png,//cf.geekdo-images.com/images/pic3169825_t.png
157354,Five Tribes,//cf.geekdo-images.com/images/pic2055255.jpg,//cf.geekdo-images.com/images/pic2055255_t.jpg
198609,Fate of the Elder Gods,//cf.geekdo-images.com/images/pic3101462.png,//cf.geekdo-images.com/images/pic3101462_t.png
1761,HeroQuest: Return of the Witch Lord,//cf.geekdo-images.com/images/pic1418136.jpg,//cf.geekdo-images.com/images/pic1418136_t.jpg
30323,Hive: The Mosquito,//cf.geekdo-images.com/images/pic347192.jpg,//cf.geekdo-images.com/images/pic347192_t.jpg
70704,Hive: The Ladybug,//cf.geekdo-images.com/images/pic767448.jpg,//cf.geekdo-images.com/images/pic767448_t.jpg
154597,Hive Pocket,//cf.geekdo-images.com/images/pic1299877.png,//cf.geekdo-images.com/images/pic1299877_t.png
2655,Hive,//cf.geekdo-images.com/images/pic791151.jpg,//cf.geekdo-images.com/images/pic791151_t.jpg
11170,Heroscape Master Set: Rise of the Valkyrie,//cf.geekdo-images.com/images/pic244662.jpg,//cf.geekdo-images.com/images/pic244662_t.jpg
1767,HeroQuest: Wizards of Morcar,//cf.geekdo-images.com/images/pic2479594.jpg,//cf.geekdo-images.com/images/pic2479594_t.jpg
1762,HeroQuest: Kellar's Keep,//cf.geekdo-images.com/images/pic57747.jpg,//cf.geekdo-images.com/images/pic57747_t.jpg
171011,Favor of the Pharaoh,//cf.geekdo-images.com/images/pic2408447.jpg,//cf.geekdo-images.com/images/pic2408447_t.jpg
699,HeroQuest,//cf.geekdo-images.com/images/pic338410.jpg,//cf.geekdo-images.com/images/pic338410_t.jpg
3439,HeroClix,//cf.geekdo-images.com/images/pic13320.jpg,//cf.geekdo-images.com/images/pic13320_t.jpg
17392,Here I Stand,//cf.geekdo-images.com/images/pic353047.jpg,//cf.geekdo-images.com/images/pic353047_t.jpg
8989,Hansa,//cf.geekdo-images.com/images/pic311302.jpg,//cf.geekdo-images.com/images/pic311302_t.jpg
98778,Hanabi,//cf.geekdo-images.com/images/pic2007286.jpg,//cf.geekdo-images.com/images/pic2007286_t.jpg
116,Guillotine,//cf.geekdo-images.com/images/pic143139.jpg,//cf.geekdo-images.com/images/pic143139_t.jpg
194523,HMS Dolores,//cf.geekdo-images.com/images/pic3105314.jpg,//cf.geekdo-images.com/images/pic3105314_t.jpg
58110,Horse Fever,//cf.geekdo-images.com/images/pic949941.jpg,//cf.geekdo-images.com/images/pic949941_t.jpg
1502,Hotel Tycoon,//cf.geekdo-images.com/images/pic2078499.jpg,//cf.geekdo-images.com/images/pic2078499_t.jpg
177524,Ice Cool,//cf.geekdo-images.com/images/pic2937209.png,//cf.geekdo-images.com/images/pic2937209_t.png
191862,Imhotep,//cf.geekdo-images.com/images/pic3029488.jpg,//cf.geekdo-images.com/images/pic3029488_t.jpg
54138,Imperial 2030,//cf.geekdo-images.com/images/pic586346.jpg,//cf.geekdo-images.com/images/pic586346_t.jpg
154203,Imperial Settlers,//cf.geekdo-images.com/images/pic2871265.jpg,//cf.geekdo-images.com/images/pic2871265_t.jpg
46807,Infinite City,//cf.geekdo-images.com/images/pic511277.jpg,//cf.geekdo-images.com/images/pic511277_t.jpg
155821,Inis,//cf.geekdo-images.com/images/pic3112623.jpg,//cf.geekdo-images.com/images/pic3112623_t.jpg
466,Inkognito,//cf.geekdo-images.com/images/pic1798812.jpg,//cf.geekdo-images.com/images/pic1798812_t.jpg
176494,Isle of Skye: From Chieftain to King,//cf.geekdo-images.com/images/pic2524838.jpg,//cf.geekdo-images.com/images/pic2524838_t.jpg
154906,Isle of Trains,//cf.geekdo-images.com/images/pic1951594.jpg,//cf.geekdo-images.com/images/pic1951594_t.jpg
148949,Istanbul,//cf.geekdo-images.com/images/pic1885326.jpg,//cf.geekdo-images.com/images/pic1885326_t.jpg
883,Ivanhoe,//cf.geekdo-images.com/images/pic535134.jpg,//cf.geekdo-images.com/images/pic535134_t.jpg
28023,Jamaica,//cf.geekdo-images.com/images/pic1502119.jpg,//cf.geekdo-images.com/images/pic1502119_t.jpg
2452,Jenga,//cf.geekdo-images.com/images/pic275096.jpg,//cf.geekdo-images.com/images/pic275096_t.jpg
63632,Jerusalem,//cf.geekdo-images.com/images/pic677411.jpg,//cf.geekdo-images.com/images/pic677411_t.jpg
155451,Guild Ball,//cf.geekdo-images.com/images/pic1939442.jpg,//cf.geekdo-images.com/images/pic1939442_t.jpg
92776,Guards! Guards! A Discworld Boardgame,//cf.geekdo-images.com/images/pic1393432.jpg,//cf.geekdo-images.com/images/pic1393432_t.jpg
929,The Great Dalmuti,//cf.geekdo-images.com/images/pic711236.jpg,//cf.geekdo-images.com/images/pic711236_t.jpg
66188,Fresco,//cf.geekdo-images.com/images/pic714398.jpg,//cf.geekdo-images.com/images/pic714398_t.jpg
147451,Field of Glory: The Card Game,//cf.geekdo-images.com/images/pic1804120.jpg,//cf.geekdo-images.com/images/pic1804120_t.jpg
192455,First Martians: Adventures on the Red Planet,//cf.geekdo-images.com/images/pic3151415.jpg,//cf.geekdo-images.com/images/pic3151415_t.jpg
154901,The Fittest,//cf.geekdo-images.com/images/pic1951590.jpg,//cf.geekdo-images.com/images/pic1951590_t.jpg
95234,Cthulhu Gloom,//cf.geekdo-images.com/images/pic1045316.jpg,//cf.geekdo-images.com/images/pic1045316_t.jpg
15511,Fjords,//cf.geekdo-images.com/images/pic250459.jpg,//cf.geekdo-images.com/images/pic250459_t.jpg
199478,Flamme Rouge,//cf.geekdo-images.com/images/pic3012277.jpg,//cf.geekdo-images.com/images/pic3012277_t.jpg
100901,Flash Point: Fire Rescue,//cf.geekdo-images.com/images/pic1129370.jpg,//cf.geekdo-images.com/images/pic1129370_t.jpg
110139,Flash Point: Fire Rescue – Urban Structures,//cf.geekdo-images.com/images/pic1121985.jpg,//cf.geekdo-images.com/images/pic1121985_t.jpg
258,Fluxx,//cf.geekdo-images.com/images/pic2405641.jpg,//cf.geekdo-images.com/images/pic2405641_t.jpg
132758,Fool's Gold,//cf.geekdo-images.com/images/pic1800625.jpg,//cf.geekdo-images.com/images/pic1800625_t.jpg
172,For Sale,//cf.geekdo-images.com/images/pic1513085.jpg,//cf.geekdo-images.com/images/pic1513085_t.jpg
136063,Forbidden Desert,//cf.geekdo-images.com/images/pic1528722.jpg,//cf.geekdo-images.com/images/pic1528722_t.jpg
65244,Forbidden Island,//cf.geekdo-images.com/images/pic646458.jpg,//cf.geekdo-images.com/images/pic646458_t.jpg
175155,Forbidden Stars,//cf.geekdo-images.com/images/pic2471359.jpg,//cf.geekdo-images.com/images/pic2471359_t.jpg
6472,A Game of Thrones (first edition),//cf.geekdo-images.com/images/pic1222116.jpg,//cf.geekdo-images.com/images/pic1222116_t.jpg
171668,The Grizzled,//cf.geekdo-images.com/images/pic3184278.png,//cf.geekdo-images.com/images/pic3184278_t.png
103343,A Game of Thrones: The Board Game (Second Edition),//cf.geekdo-images.com/images/pic1077906.jpg,//cf.geekdo-images.com/images/pic1077906_t.jpg
140613,Gear & Piston,//cf.geekdo-images.com/images/pic1886056.jpg,//cf.geekdo-images.com/images/pic1886056_t.jpg
142365,Gear & Piston: Engineer Assistants,//cf.geekdo-images.com/images/pic1655189.png,//cf.geekdo-images.com/images/pic1655189_t.png
142366,Gear & Piston: Overheated,//cf.geekdo-images.com/images/pic1655190.png,//cf.geekdo-images.com/images/pic1655190_t.png
30539,Get Bit!,//cf.geekdo-images.com/images/pic1700239.jpg,//cf.geekdo-images.com/images/pic1700239_t.jpg
132118,Get Bit! Dolphin Die Expansion,//cf.geekdo-images.com/images/pic1645250.jpg,//cf.geekdo-images.com/images/pic1645250_t.jpg
132117,Get Bit! Squid Die Expansion,//cf.geekdo-images.com/images/pic1964992.jpg,//cf.geekdo-images.com/images/pic1964992_t.jpg
37046,Ghost Stories,//cf.geekdo-images.com/images/pic1790243.jpg,//cf.geekdo-images.com/images/pic1790243_t.jpg
174430,Gloomhaven,//cf.geekdo-images.com/images/pic2437871.jpg,//cf.geekdo-images.com/images/pic2437871_t.jpg
110524,"Goblins, Inc.",//cf.geekdo-images.com/images/pic1415862.jpg,//cf.geekdo-images.com/images/pic1415862_t.jpg
203270,Gorechosen,//cf.geekdo-images.com/images/pic3218656.jpg,//cf.geekdo-images.com/images/pic3218656_t.jpg
93,El Grande,//cf.geekdo-images.com/images/pic180538.jpg,//cf.geekdo-images.com/images/pic180538_t.jpg
41569,The Great Fire of London 1666,//cf.geekdo-images.com/images/pic1354110.jpg,//cf.geekdo-images.com/images/pic1354110_t.jpg
184712,Green: The Golf Card Game,//cf.geekdo-images.com/images/pic2678983.jpg,//cf.geekdo-images.com/images/pic2678983_t.jpg
30380,Cuba,//cf.geekdo-images.com/images/pic1205385.jpg,//cf.geekdo-images.com/images/pic1205385_t.jpg
148931,Coup: Reformation,//cf.geekdo-images.com/images/pic1978817.jpg,//cf.geekdo-images.com/images/pic1978817_t.jpg
192457,Cry Havoc,//cf.geekdo-images.com/images/pic3090929.jpg,//cf.geekdo-images.com/images/pic3090929_t.jpg
137297,Augustus,//cf.geekdo-images.com/images/pic1724653.jpg,//cf.geekdo-images.com/images/pic1724653_t.jpg
3955,BANG!,//cf.geekdo-images.com/images/pic1170986.jpg,//cf.geekdo-images.com/images/pic1170986_t.jpg
129122,Band of Brothers:  Ghost Panzer,//cf.geekdo-images.com/images/pic1392887.jpg,//cf.geekdo-images.com/images/pic1392887_t.jpg
166658,Bakerspeed,//cf.geekdo-images.com/images/pic2268644.jpg,//cf.geekdo-images.com/images/pic2268644_t.jpg
170825,Bad Medicine,//cf.geekdo-images.com/images/pic2507368.jpg,//cf.geekdo-images.com/images/pic2507368_t.jpg
2397,Backgammon,//cf.geekdo-images.com/images/pic55221.jpg,//cf.geekdo-images.com/images/pic55221_t.jpg
98,Axis & Allies,//cf.geekdo-images.com/images/pic24006.jpg,//cf.geekdo-images.com/images/pic24006_t.jpg
207208,Armageddon,//cf.geekdo-images.com/images/pic3169845.jpg,//cf.geekdo-images.com/images/pic3169845_t.jpg
26054,Black Stories 3,//cf.geekdo-images.com/images/pic154093.jpg,//cf.geekdo-images.com/images/pic154093_t.jpg
15987,Arkham Horror,//cf.geekdo-images.com/images/pic175966.jpg,//cf.geekdo-images.com/images/pic175966_t.jpg
41541,Are You the Traitor?,//cf.geekdo-images.com/images/pic591921.jpg,//cf.geekdo-images.com/images/pic591921_t.jpg
17329,Animal Upon Animal,//cf.geekdo-images.com/images/pic403502.jpg,//cf.geekdo-images.com/images/pic403502_t.jpg
118063,Android: Infiltration,//cf.geekdo-images.com/images/pic1207030.jpg,//cf.geekdo-images.com/images/pic1207030_t.jpg
6249,Alhambra,//cf.geekdo-images.com/images/pic1502118.jpg,//cf.geekdo-images.com/images/pic1502118_t.jpg
124787,Alcatraz: The Scapegoat – Maximum Security,//cf.geekdo-images.com/images/pic1438400.jpg,//cf.geekdo-images.com/images/pic1438400_t.jpg
20237,BANG! A Fistful of Cards,//cf.geekdo-images.com/images/pic179332.jpg,//cf.geekdo-images.com/images/pic179332_t.jpg
9653,BANG! Dodge City,//cf.geekdo-images.com/images/pic940210.jpg,//cf.geekdo-images.com/images/pic940210_t.jpg
8269,BANG! High Noon,//cf.geekdo-images.com/images/pic178050.jpg,//cf.geekdo-images.com/images/pic178050_t.jpg
30933,BANG! The Bullet!,//cf.geekdo-images.com/images/pic1198011.jpg,//cf.geekdo-images.com/images/pic1198011_t.jpg
143741,BANG! The Dice Game,//cf.geekdo-images.com/images/pic2909713.jpg,//cf.geekdo-images.com/images/pic2909713_t.jpg
550,Barbarossa,//cf.geekdo-images.com/images/pic1152337.jpg,//cf.geekdo-images.com/images/pic1152337_t.jpg
33665,Battle Above the Clouds,//cf.geekdo-images.com/images/pic589526.jpg,//cf.geekdo-images.com/images/pic589526_t.jpg
760,Battle Line,//cf.geekdo-images.com/images/pic149717.jpg,//cf.geekdo-images.com/images/pic149717_t.jpg
54137,Battle Sheep,//cf.geekdo-images.com/images/pic1887253.jpg,//cf.geekdo-images.com/images/pic1887253_t.jpg
1231,Bausack,//cf.geekdo-images.com/images/pic306631.jpg,//cf.geekdo-images.com/images/pic306631_t.jpg
43236,Bausack: Extension Kit,//cf.geekdo-images.com/images/pic492446.jpg,//cf.geekdo-images.com/images/pic492446_t.jpg
185081,Beast Master Tale,//cf.geekdo-images.com/images/pic2694110.jpg,//cf.geekdo-images.com/images/pic2694110_t.jpg
908,Tally Ho!,//cf.geekdo-images.com/images/pic2855889.jpg,//cf.geekdo-images.com/images/pic2855889_t.jpg
28723,Before the Wind,//cf.geekdo-images.com/images/pic722313.jpg,//cf.geekdo-images.com/images/pic722313_t.jpg
10547,Betrayal at House on the Hill,//cf.geekdo-images.com/images/pic828598.jpg,//cf.geekdo-images.com/images/pic828598_t.jpg
168435,Between Two Cities,//cf.geekdo-images.com/images/pic2326114.jpg,//cf.geekdo-images.com/images/pic2326114_t.jpg
18803,Black Stories,//cf.geekdo-images.com/images/pic208686.jpg,//cf.geekdo-images.com/images/pic208686_t.jpg
96613,Alcatraz: The Scapegoat,//cf.geekdo-images.com/images/pic1345064.jpg,//cf.geekdo-images.com/images/pic1345064_t.jpg
492,Aladdin's Dragons,//cf.geekdo-images.com/images/pic143493.jpg,//cf.geekdo-images.com/images/pic143493_t.jpg
31260,Agricola,//cf.geekdo-images.com/images/pic259085.jpg,//cf.geekdo-images.com/images/pic259085_t.jpg
27708,1960: The Making of the President,//cf.geekdo-images.com/images/pic215664.jpg,//cf.geekdo-images.com/images/pic215664_t.jpg
148601,1944: Race to the Rhine,//cf.geekdo-images.com/images/pic2014460.png,//cf.geekdo-images.com/images/pic2014460_t.png
158837,27th Passenger: A Hunt On Rails,//cf.geekdo-images.com/images/pic2383795.jpg,//cf.geekdo-images.com/images/pic2383795_t.jpg
147404,The Agents: The 'Special' Agents,//cf.geekdo-images.com/images/pic1844616.jpg,//cf.geekdo-images.com/images/pic1844616_t.jpg
198836,3 Wishes,//cf.geekdo-images.com/images/pic2993325.png,//cf.geekdo-images.com/images/pic2993325_t.png
432,6 nimmt!,//cf.geekdo-images.com/images/pic2602138.jpg,//cf.geekdo-images.com/images/pic2602138_t.jpg
145103,7 Days of Westerplatte,//cf.geekdo-images.com/images/pic1722650.jpg,//cf.geekdo-images.com/images/pic1722650_t.jpg
68448,7 Wonders,//cf.geekdo-images.com/images/pic860217.jpg,//cf.geekdo-images.com/images/pic860217_t.jpg
173346,7 Wonders Duel,//cf.geekdo-images.com/images/pic2576399.jpg,//cf.geekdo-images.com/images/pic2576399_t.jpg
41636,Abandon Ship,//cf.geekdo-images.com/images/pic527382.jpg,//cf.geekdo-images.com/images/pic527382_t.jpg
65516,Ablaze!,//cf.geekdo-images.com/images/pic674346.jpg,//cf.geekdo-images.com/images/pic674346_t.jpg
5,Acquire,//cf.geekdo-images.com/images/pic342163.jpg,//cf.geekdo-images.com/images/pic342163_t.jpg
118000,Africana,//cf.geekdo-images.com/images/pic1203186.jpg,//cf.geekdo-images.com/images/pic1203186_t.jpg
27848,Age of Conan: The Strategy Board Game,//cf.geekdo-images.com/images/pic450412.jpg,//cf.geekdo-images.com/images/pic450412_t.jpg
65901,Age of Industry,//cf.geekdo-images.com/images/pic715611.jpg,//cf.geekdo-images.com/images/pic715611_t.jpg
108429,Age of Reason,//cf.geekdo-images.com/images/pic1082872.jpg,//cf.geekdo-images.com/images/pic1082872_t.jpg
141932,The Agents,//cf.geekdo-images.com/images/pic1714861.png,//cf.geekdo-images.com/images/pic1714861_t.png
151173,The Agents: Black Ops,//cf.geekdo-images.com/images/pic1847505.jpg,//cf.geekdo-images.com/images/pic1847505_t.jpg
20750,Black Stories 2,//cf.geekdo-images.com/images/pic101661.jpg,//cf.geekdo-images.com/images/pic101661_t.jpg
25685,Blackbeard,//cf.geekdo-images.com/images/pic316648.jpg,//cf.geekdo-images.com/images/pic316648_t.jpg
111172,Crooks,//cf.geekdo-images.com/images/pic2844726.jpg,//cf.geekdo-images.com/images/pic2844726_t.jpg
120217,City of Horror,//cf.geekdo-images.com/images/pic1340620.jpg,//cf.geekdo-images.com/images/pic1340620_t.jpg
24742,Cold War: CIA vs KGB,//cf.geekdo-images.com/images/pic3021018.jpg,//cf.geekdo-images.com/images/pic3021018_t.jpg
205916,Codenames: Pictures – 5x5 Promo Tiles,//cf.geekdo-images.com/images/pic3243280.png,//cf.geekdo-images.com/images/pic3243280_t.png
198773,Codenames: Pictures,//cf.geekdo-images.com/images/pic3089388.jpg,//cf.geekdo-images.com/images/pic3089388_t.jpg
1294,Clue,//cf.geekdo-images.com/images/pic884234.jpg,//cf.geekdo-images.com/images/pic884234_t.jpg
113301,Clocks,//cf.geekdo-images.com/images/pic1399661.jpg,//cf.geekdo-images.com/images/pic1399661_t.jpg
4636,Clans,//cf.geekdo-images.com/images/pic45858.jpg,//cf.geekdo-images.com/images/pic45858_t.jpg
13291,Citadels:  The Dark City,//cf.geekdo-images.com/images/pic73710.jpg,//cf.geekdo-images.com/images/pic73710_t.jpg
212445,Blood Bowl (2016 edition),//cf.geekdo-images.com/images/pic3254491.jpg,//cf.geekdo-images.com/images/pic3254491_t.jpg
132018,Churchill,//cf.geekdo-images.com/images/pic2467234.jpg,//cf.geekdo-images.com/images/pic2467234_t.jpg
47,Chinatown,//cf.geekdo-images.com/images/pic2037509.png,//cf.geekdo-images.com/images/pic2037509_t.png
7204,China Moon,//cf.geekdo-images.com/images/pic46126.jpg,//cf.geekdo-images.com/images/pic46126_t.jpg
29030,Chicago Poker,//cf.geekdo-images.com/images/pic217698.jpg,//cf.geekdo-images.com/images/pic217698_t.jpg
31730,Chicago Express,//cf.geekdo-images.com/images/pic1566274.jpg,//cf.geekdo-images.com/images/pic1566274_t.jpg
193212,Chariot Race,//cf.geekdo-images.com/images/pic3152372.jpg,//cf.geekdo-images.com/images/pic3152372_t.jpg
5782,Coloretto,//cf.geekdo-images.com/images/pic149765.jpg,//cf.geekdo-images.com/images/pic149765_t.jpg
15156,Coloretto Amazonas,//cf.geekdo-images.com/images/pic149760.jpg,//cf.geekdo-images.com/images/pic149760_t.jpg
125028,Colorpop,//cf.geekdo-images.com/images/pic2404152.jpg,//cf.geekdo-images.com/images/pic2404152_t.jpg
27746,Colosseum,//cf.geekdo-images.com/images/pic182188.jpg,//cf.geekdo-images.com/images/pic182188_t.jpg
158899,Colt Express,//cf.geekdo-images.com/images/pic2869710.jpg,//cf.geekdo-images.com/images/pic2869710_t.jpg
160010,Conan,//cf.geekdo-images.com/images/pic3118623.jpg,//cf.geekdo-images.com/images/pic3118623_t.jpg
147151,Concept,//cf.geekdo-images.com/images/pic1907628.jpg,//cf.geekdo-images.com/images/pic1907628_t.jpg
26990,Container,//cf.geekdo-images.com/images/pic332933.jpg,//cf.geekdo-images.com/images/pic332933_t.jpg
204027,Cottage Garden,//cf.geekdo-images.com/images/pic3159206.jpg,//cf.geekdo-images.com/images/pic3159206_t.jpg
140863,Council of Verona,//cf.geekdo-images.com/images/pic1727393.jpg,//cf.geekdo-images.com/images/pic1727393_t.jpg
147827,Council of Verona: Poison Expansion,//cf.geekdo-images.com/images/pic1776648.jpg,//cf.geekdo-images.com/images/pic1776648_t.jpg
121414,Countdown: Special Ops,//cf.geekdo-images.com/images/pic1792037.jpg,//cf.geekdo-images.com/images/pic1792037_t.jpg
131357,Coup,//cf.geekdo-images.com/images/pic2016054.jpg,//cf.geekdo-images.com/images/pic2016054_t.jpg
193042,Junk Art,//cf.geekdo-images.com/images/pic2884509.jpg,//cf.geekdo-images.com/images/pic2884509_t.jpg
122891,Courtier,//cf.geekdo-images.com/images/pic1355948.jpg,//cf.geekdo-images.com/images/pic1355948_t.jpg
41833,Creationary,//cf.geekdo-images.com/images/pic508464.jpg,//cf.geekdo-images.com/images/pic508464_t.jpg
521,Crokinole,//cf.geekdo-images.com/images/pic79413.jpg,//cf.geekdo-images.com/images/pic79413_t.jpg
43111,Chaos in the Old World,//cf.geekdo-images.com/images/pic1318481.jpg,//cf.geekdo-images.com/images/pic1318481_t.jpg
175117,Celestia,//cf.geekdo-images.com/images/pic2577990.jpg,//cf.geekdo-images.com/images/pic2577990_t.jpg
18602,Caylus,//cf.geekdo-images.com/images/pic1638795.jpg,//cf.geekdo-images.com/images/pic1638795_t.jpg
41,Can't Stop,//cf.geekdo-images.com/images/pic1046518.jpg,//cf.geekdo-images.com/images/pic1046518_t.jpg
90137,Blood Bowl: Team Manager – The Card Game,//cf.geekdo-images.com/images/pic1222746.jpg,//cf.geekdo-images.com/images/pic1222746_t.jpg
170216,Blood Rage,//cf.geekdo-images.com/images/pic2439223.jpg,//cf.geekdo-images.com/images/pic2439223_t.jpg
180593,The Bloody Inn,//cf.geekdo-images.com/images/pic2618699.jpg,//cf.geekdo-images.com/images/pic2618699_t.jpg
140933,Blueprints,//cf.geekdo-images.com/images/pic1877243.jpg,//cf.geekdo-images.com/images/pic1877243_t.jpg
11,Bohnanza,//cf.geekdo-images.com/images/pic69366.jpg,//cf.geekdo-images.com/images/pic69366_t.jpg
85005,The Boss,//cf.geekdo-images.com/images/pic1091844.jpg,//cf.geekdo-images.com/images/pic1091844_t.jpg
154905,Brew Crafters: The Travel Card Game,//cf.geekdo-images.com/images/pic1929209.jpg,//cf.geekdo-images.com/images/pic1929209_t.jpg
172308,Broom Service,//cf.geekdo-images.com/images/pic2546156.jpg,//cf.geekdo-images.com/images/pic2546156_t.jpg
22287,Buccaneer,//cf.geekdo-images.com/images/pic134519.jpg,//cf.geekdo-images.com/images/pic134519_t.jpg
166081,Bucket of Doom,//cf.geekdo-images.com/images/pic2245651.jpg,//cf.geekdo-images.com/images/pic2245651_t.jpg
19237,Ca$h 'n Gun$,//cf.geekdo-images.com/images/pic87523.jpg,//cf.geekdo-images.com/images/pic87523_t.jpg
58602,Cable Car,//cf.geekdo-images.com/images/pic1248466.jpg,//cf.geekdo-images.com/images/pic1248466_t.jpg
55705,Callisto: The Game,//cf.geekdo-images.com/images/pic3211830.jpg,//cf.geekdo-images.com/images/pic3211830_t.jpg
153938,Camel Up,//cf.geekdo-images.com/images/pic1918028.jpg,//cf.geekdo-images.com/images/pic1918028_t.jpg
171131,Captain Sonar,//cf.geekdo-images.com/images/pic3013621.png,//cf.geekdo-images.com/images/pic3013621_t.png
278,Catan Card Game,//cf.geekdo-images.com/images/pic135066.jpg,//cf.geekdo-images.com/images/pic135066_t.jpg
822,Carcassonne,//cf.geekdo-images.com/images/pic2337577.jpg,//cf.geekdo-images.com/images/pic2337577_t.jpg
142057,Carcassonne Big Box,//cf.geekdo-images.com/images/pic201589.jpg,//cf.geekdo-images.com/images/pic201589_t.jpg
12902,Carcassonne: The City,//cf.geekdo-images.com/images/pic839808.jpg,//cf.geekdo-images.com/images/pic839808_t.jpg
2993,Carcassonne: Expansion 1 – Inns & Cathedrals,//cf.geekdo-images.com/images/pic2659943.jpg,//cf.geekdo-images.com/images/pic2659943_t.jpg
5405,Carcassonne: Expansion 2 – Traders & Builders,//cf.geekdo-images.com/images/pic2659946.jpg,//cf.geekdo-images.com/images/pic2659946_t.jpg
15158,Carcassonne: The Princess & the Dragon,//cf.geekdo-images.com/images/pic2829388.png,//cf.geekdo-images.com/images/pic2829388_t.png
2591,Carcassonne: The River,//cf.geekdo-images.com/images/pic193765.jpg,//cf.geekdo-images.com/images/pic193765_t.jpg
21385,Carcassonne: The Tower,//cf.geekdo-images.com/images/pic1586226.jpg,//cf.geekdo-images.com/images/pic1586226_t.jpg
50381,Cards Against Humanity,//cf.geekdo-images.com/images/pic2909692.jpg,//cf.geekdo-images.com/images/pic2909692_t.jpg
39938,Carson City,//cf.geekdo-images.com/images/pic577030.jpg,//cf.geekdo-images.com/images/pic577030_t.jpg
826,Cartagena,//cf.geekdo-images.com/images/pic1889500.jpg,//cf.geekdo-images.com/images/pic1889500_t.jpg
43443,Castle Panic,//cf.geekdo-images.com/images/pic496923.jpg,//cf.geekdo-images.com/images/pic496923_t.jpg
104590,Castle Panic: The Wizard's Tower,//cf.geekdo-images.com/images/pic1063887.jpg,//cf.geekdo-images.com/images/pic1063887_t.jpg
57390,Catacombs,//cf.geekdo-images.com/images/pic1258597.jpg,//cf.geekdo-images.com/images/pic1258597_t.jpg
193739,Jórvík,//cf.geekdo-images.com/images/pic3144425.jpg,//cf.geekdo-images.com/images/pic3144425_t.jpg
137900,Jupiter Rescue,//cf.geekdo-images.com/images/pic1951142.jpg,//cf.geekdo-images.com/images/pic1951142_t.jpg
71671,Yggdrasil,//cf.geekdo-images.com/images/pic953922.jpg,//cf.geekdo-images.com/images/pic953922_t.jpg
57070,Small World: Grand Dames of Small World,//cf.geekdo-images.com/images/pic563283.jpg,//cf.geekdo-images.com/images/pic563283_t.jpg
